ID,Edad,Salario,Departamento,Experiencia,Salario_log
1,25.0,50000.0,Ventas,3.0,10.819778284410283
2,32.0,54000.0,TI,5.0,10.896739325546411
3,45.0,74875.0,TI,4.5,11.22357533541775
4,30.0,62000.0,RH,2.0,11.03488966402723
5,28.0,58000.0,TI,4.0,10.968198289528557
6,60.0,74875.0,Ventas,10.0,11.22357533541775
7,22.0,52000.0,Marketing,1.0,10.858998997563564
8,19.0,48000.0,TI,4.5,10.778956289890028
9,30.0,75000.0,TI,8.0,11.225243392518447
